,count,mean,std,min,25%,50%,75%,max
Temperature_C,73.0,29.31780821917808,1.3655831544062684,27.1,28.3,29.5,30.2,31.9
Soil_pH,73.0,5.617260273972604,1.2346392413642904,3.52,4.45,5.73,6.68,7.46
Rainfall_mm,73.0,1707.4808219178083,529.122774992706,824.7,1277.6,1711.4,2198.3,2499.5
FieldArea_ha,73.0,2.878356164383562,1.1599341620428172,1.02,1.97,2.98,3.92,4.94
Humidity_%,73.0,82.97808219178083,4.694418866393441,75.2,79.3,83.6,87.1,89.9
